numepochs,batchsize,learningrate,momentum,weightdecay,cputime,realtime,acc
20,50,1.0E-5,0.0,1.0E-5,1.03841325E11,4.05275705E11,0.8068
20,50,1.0E-5,0.0,1.0E-4,1.0617602E11,4.08626921E11,0.8032
20,50,1.0E-5,0.0,0.001,9.7171907E10,3.91716045E11,0.7844
20,50,1.0E-5,0.5,1.0E-5,9.6969646E10,3.95317969E11,0.8128
20,50,1.0E-5,0.5,1.0E-4,9.8051555E10,3.91977435E11,0.802
20,50,1.0E-5,0.5,0.001,9.6367305E10,3.91862911E11,0.8132
20,50,1.0E-5,0.9,1.0E-5,9.9080233E10,3.94673914E11,0.7884
20,50,1.0E-5,0.9,1.0E-4,1.0235768E11,4.03851018E11,0.7904
20,50,1.0E-5,0.9,0.001,1.02438642E11,4.03136348E11,0.828
20,50,1.0E-5,1.0,1.0E-5,1.02120456E11,4.03003736E11,0.772
20,50,1.0E-5,1.0,1.0E-4,1.05477415E11,4.10551648E11,0.7348
20,50,1.0E-5,1.0,0.001,1.0122983E11,4.01764844E11,0.8304
20,50,1.0E-4,0.0,1.0E-5,9.8176172E10,3.93189818E11,0.7992
20,50,1.0E-4,0.0,1.0E-4,1.04386904E11,4.09750438E11,0.8176
20,50,1.0E-4,0.0,0.001,9.7302348E10,3.91077528E11,0.7916
20,50,1.0E-4,0.5,1.0E-5,1.0499244E11,4.12130017E11,0.8068
20,50,1.0E-4,0.5,1.0E-4,1.03729496E11,4.08767955E11,0.8068
20,50,1.0E-4,0.5,0.001,1.03714111E11,4.08264081E11,0.8068
20,50,1.0E-4,0.9,1.0E-5,1.0518836E11,4.14805131E11,0.8068
20,50,1.0E-4,0.9,1.0E-4,1.03658234E11,4.02055168E11,0.8024
20,50,1.0E-4,0.9,0.001,1.02832914E11,4.00497345E11,0.798
20,50,1.0E-4,1.0,1.0E-5,1.03047274E11,4.02539184E11,0.7888
20,50,1.0E-4,1.0,1.0E-4,1.05344705E11,4.07786652E11,0.8
20,50,1.0E-4,1.0,0.001,1.03620944E11,4.05078114E11,0.7968
20,50,0.001,0.0,1.0E-5,3.27793193E10,2.84398191E11,0.8452
20,50,0.001,0.0,1.0E-4,3.27736013E10,2.84456354E11,0.8452
20,50,0.001,0.0,0.001,3.2627415E10,2.84726723E11,0.8452
20,50,0.001,0.5,1.0E-5,3.28430264E10,2.84445311E11,0.8444
20,50,0.001,0.5,1.0E-4,3.25518418E10,2.84093907E11,0.8432
20,50,0.001,0.5,0.001,3.28629699E10,2.84918219E11,0.8436
20,50,0.001,0.9,1.0E-5,3.27154954E10,2.84478013E11,0.8452
20,50,0.001,0.9,1.0E-4,3.2659968E10,2.84522119E11,0.8452
20,50,0.001,0.9,0.001,3.27413514E10,2.85254124E11,0.8448
20,50,0.001,1.0,1.0E-5,3.26538322E10,2.8459008E11,0.8452
20,50,0.001,1.0,1.0E-4,3.26680904E10,2.84747465E11,0.8444
20,50,0.001,1.0,0.001,3.27345254E10,2.84681372E11,0.8444
20,128,1.0E-5,0.0,1.0E-5,1.38048676E10,2.02869064E11,0.6816
20,128,1.0E-5,0.0,1.0E-4,1.39254671E10,2.03013177E11,0.7276
20,128,1.0E-5,0.0,0.001,1.39010775E10,2.03182227E11,0.642
20,128,1.0E-5,0.5,1.0E-5,1.37998213E10,2.0261426E11,0.6948
20,128,1.0E-5,0.5,1.0E-4,1.39971953E10,2.02972168E11,0.7004
20,128,1.0E-5,0.5,0.001,1.38241116E10,2.02828513E11,0.668
20,128,1.0E-5,0.9,1.0E-5,1.37605919E10,2.02513023E11,0.7028
20,128,1.0E-5,0.9,1.0E-4,1.37589217E10,2.02574447E11,0.714
20,128,1.0E-5,0.9,0.001,1.38197023E10,2.02914742E11,0.7132
20,128,1.0E-5,1.0,1.0E-5,1.37571625E10,2.02740842E11,0.726
20,128,1.0E-5,1.0,1.0E-4,1.3933186E10,2.03333485E11,0.7448
20,128,1.0E-5,1.0,0.001,1.38642555E10,2.02765304E11,0.7608
20,128,1.0E-4,0.0,1.0E-5,1.38434898E10,2.0259591E11,0.7252
20,128,1.0E-4,0.0,1.0E-4,1.38027756E10,2.02384556E11,0.7276
20,128,1.0E-4,0.0,0.001,1.37466726E10,2.0266256E11,0.738
20,128,1.0E-4,0.5,1.0E-5,1.38429788E10,2.02395812E11,0.7316
20,128,1.0E-4,0.5,1.0E-4,1.37872548E10,2.02776936E11,0.736
20,128,1.0E-4,0.5,0.001,1.38591918E10,2.02582589E11,0.75
20,128,1.0E-4,0.9,1.0E-5,2.17599898E10,2.15739515E11,0.7308
20,128,1.0E-4,0.9,1.0E-4,5.0441511E10,2.63614398E11,0.7376
20,128,1.0E-4,0.9,0.001,5.0232152E10,2.63588708E11,0.71
20,128,1.0E-4,1.0,1.0E-5,5.0691097E10,2.64303182E11,0.6796
20,128,1.0E-4,1.0,1.0E-4,5.0953617E10,2.6441882E11,0.7168
20,128,1.0E-4,1.0,0.001,5.0402484E10,2.63845216E11,0.7052
20,128,0.001,0.0,1.0E-5,4.9606205E10,2.62101877E11,0.6968
20,128,0.001,0.0,1.0E-4,5.0220511E10,2.63707197E11,0.7008
20,128,0.001,0.0,0.001,5.080345E10,2.63940735E11,0.7044
20,128,0.001,0.5,1.0E-5,5.0724467E10,2.64218575E11,0.6948
20,128,0.001,0.5,1.0E-4,5.0778628E10,2.64425832E11,0.7104
20,128,0.001,0.5,0.001,5.0661958E10,2.64345108E11,0.692
20,128,0.001,0.9,1.0E-5,5.0482991E10,2.64243118E11,0.6824
20,128,0.001,0.9,1.0E-4,5.0798465E10,2.6417016E11,0.6976
20,128,0.001,0.9,0.001,5.0441191E10,2.63631798E11,0.6876
20,128,0.001,1.0,1.0E-5,5.0361909E10,2.63763902E11,0.6964
20,128,0.001,1.0,1.0E-4,5.0632458E10,2.64008581E11,0.6872
20,128,0.001,1.0,0.001,5.1045237E10,2.64916517E11,0.7012
20,256,1.0E-5,0.0,1.0E-5,3.42856622E10,2.29737169E11,0.702
20,256,1.0E-5,0.0,1.0E-4,3.3825282E10,2.29210063E11,0.7212
20,256,1.0E-5,0.0,0.001,3.36627651E10,2.28933976E11,0.706
20,256,1.0E-5,0.5,1.0E-5,3.36665231E10,2.29109907E11,0.674
20,256,1.0E-5,0.5,1.0E-4,3.39110154E10,2.29215764E11,0.6228
20,256,1.0E-5,0.5,0.001,3.36354611E10,2.28995957E11,0.6932
20,256,1.0E-5,0.9,1.0E-5,3.3721387E10,2.30025576E11,0.7544
20,256,1.0E-5,0.9,1.0E-4,3.3452628E10,2.28861919E11,0.6888
20,256,1.0E-5,0.9,0.001,3.38134385E10,2.29458199E11,0.7116
20,256,1.0E-5,1.0,1.0E-5,3.35696036E10,2.29331878E11,0.6764
20,256,1.0E-5,1.0,1.0E-4,3.37233408E10,2.29216338E11,0.72
20,256,1.0E-5,1.0,0.001,3.38795848E10,2.28945756E11,0.7076
20,256,1.0E-4,0.0,1.0E-5,3.40152914E10,2.29565661E11,0.7112
20,256,1.0E-4,0.0,1.0E-4,3.35447491E10,2.28640752E11,0.726
20,256,1.0E-4,0.0,0.001,3.42128538E10,2.29727617E11,0.69
20,256,1.0E-4,0.5,1.0E-5,3.39285647E10,2.2911302E11,0.7304
20,256,1.0E-4,0.5,1.0E-4,3.41261947E10,2.29744935E11,0.7036
20,256,1.0E-4,0.5,0.001,3.38267464E10,2.2935457E11,0.7516
20,256,1.0E-4,0.9,1.0E-5,3.35601603E10,2.29036245E11,0.7196
20,256,1.0E-4,0.9,1.0E-4,3.37253663E10,2.28857004E11,0.696
20,256,1.0E-4,0.9,0.001,3.41350932E10,2.29793268E11,0.7048
20,256,1.0E-4,1.0,1.0E-5,3.41158973E10,2.2975701E11,0.724
20,256,1.0E-4,1.0,1.0E-4,3.34879724E10,2.28931633E11,0.7344
20,256,1.0E-4,1.0,0.001,3.35488123E10,2.29232476E11,0.7196
20,256,0.001,0.0,1.0E-5,3.36321946E10,2.29219009E11,0.7156
20,256,0.001,0.0,1.0E-4,3.41457142E10,2.29494473E11,0.7104
20,256,0.001,0.0,0.001,3.34934139E10,2.28828381E11,0.7188
20,256,0.001,0.5,1.0E-5,3.36086958E10,2.29149E11,0.712
20,256,0.001,0.5,1.0E-4,3.40255437E10,2.29626462E11,0.696
20,256,0.001,0.5,0.001,3.36292987E10,2.29106418E11,0.7072
20,256,0.001,0.9,1.0E-5,3.40628828E10,2.29500617E11,0.7156
20,256,0.001,0.9,1.0E-4,3.36123146E10,2.29231919E11,0.716
20,256,0.001,0.9,0.001,3.3599361E10,2.28911333E11,0.7112
20,256,0.001,1.0,1.0E-5,3.37669837E10,2.29069341E11,0.6888
20,256,0.001,1.0,1.0E-4,3.441741E10,2.30164447E11,0.6952
20,256,0.001,1.0,0.001,3.4546082E10,2.30407668E11,0.7144
20,512,1.0E-5,0.0,1.0E-5,2.53639127E10,2.09343218E11,0.7392
20,512,1.0E-5,0.0,1.0E-4,2.46226678E10,2.08575431E11,0.6724
20,512,1.0E-5,0.0,0.001,2.47122084E10,2.08703848E11,0.6948
20,512,1.0E-5,0.5,1.0E-5,2.40173425E10,2.08070984E11,0.7552
20,512,1.0E-5,0.5,1.0E-4,2.41156936E10,2.08308486E11,0.7012
20,512,1.0E-5,0.5,0.001,2.46840259E10,2.08669606E11,0.7012
20,512,1.0E-5,0.9,1.0E-5,2.48295424E10,2.08967565E11,0.6904
20,512,1.0E-5,0.9,1.0E-4,2.41668915E10,2.08389587E11,0.674
20,512,1.0E-5,0.9,0.001,2.43763917E10,2.08210412E11,0.6996
20,512,1.0E-5,1.0,1.0E-5,2.41291162E10,2.08445178E11,0.6824
20,512,1.0E-5,1.0,1.0E-4,2.39392932E10,2.07791423E11,0.7016
20,512,1.0E-5,1.0,0.001,2.42433946E10,2.08338092E11,0.7116
20,512,1.0E-4,0.0,1.0E-5,2.3957289E10,2.07654224E11,0.7304
20,512,1.0E-4,0.0,1.0E-4,2.42839859E10,2.08387326E11,0.736
20,512,1.0E-4,0.0,0.001,2.4103938E10,2.08312254E11,0.7272
20,512,1.0E-4,0.5,1.0E-5,2.39119094E10,2.07622423E11,0.7232
20,512,1.0E-4,0.5,1.0E-4,2.44718531E10,2.08231498E11,0.7212
20,512,1.0E-4,0.5,0.001,2.37341532E10,2.07754248E11,0.7256
20,512,1.0E-4,0.9,1.0E-5,2.48191508E10,2.08947921E11,0.7012
20,512,1.0E-4,0.9,1.0E-4,2.40659845E10,2.08281764E11,0.7072
20,512,1.0E-4,0.9,0.001,2.40928604E10,2.08488251E11,0.7488
20,512,1.0E-4,1.0,1.0E-5,2.39118561E10,2.07821128E11,0.732
20,512,1.0E-4,1.0,1.0E-4,2.48323338E10,2.08745218E11,0.6988
20,512,1.0E-4,1.0,0.001,2.46873068E10,2.08816161E11,0.71
20,512,0.001,0.0,1.0E-5,2.42713375E10,2.08625238E11,0.7164
20,512,0.001,0.0,1.0E-4,2.48385372E10,2.08839393E11,0.6972
20,512,0.001,0.0,0.001,2.45765939E10,2.0821821E11,0.7184
20,512,0.001,0.5,1.0E-5,2.48653066E10,2.08841392E11,0.7192
20,512,0.001,0.5,1.0E-4,2.47533855E10,2.08745644E11,0.694
20,512,0.001,0.5,0.001,2.46115369E10,2.08635937E11,0.678
20,512,0.001,0.9,1.0E-5,2.41957478E10,2.08108667E11,0.7192
20,512,0.001,0.9,1.0E-4,2.31491461E10,2.06410269E11,0.7128
20,512,0.001,0.9,0.001,2.48091136E10,2.09129292E11,0.6864
20,512,0.001,1.0,1.0E-5,2.47609344E10,2.08613196E11,0.7012
20,512,0.001,1.0,1.0E-4,2.48976036E10,2.09139057E11,0.6924
20,512,0.001,1.0,0.001,2.40824484E10,2.08055599E11,0.6932
50,50,1.0E-5,0.0,1.0E-5,2.58102264E11,1.00965345E12,0.856
50,50,1.0E-5,0.0,1.0E-4,2.61754749E11,1.01621439E12,0.838
50,50,1.0E-5,0.0,0.001,2.58641691E11,1.01211544E12,0.8368
50,50,1.0E-5,0.5,1.0E-5,2.62404964E11,1.01370973E12,0.8356
50,50,1.0E-5,0.5,1.0E-4,2.62797492E11,1.00840099E12,0.8528
50,50,1.0E-5,0.5,0.001,2.62953009E11,1.00915203E12,0.8488
50,50,1.0E-5,0.9,1.0E-5,2.61522309E11,1.00791314E12,0.8088
50,50,1.0E-5,0.9,1.0E-4,2.61151539E11,1.00617965E12,0.8204
50,50,1.0E-5,0.9,0.001,2.62692979E11,1.00880744E12,0.8404
50,50,1.0E-5,1.0,1.0E-5,2.61966397E11,1.00677563E12,0.826
50,50,1.0E-5,1.0,1.0E-4,2.6128035E11,1.00612971E12,0.8336
50,50,1.0E-5,1.0,0.001,2.62558204E11,1.00894002E12,0.8464
50,50,1.0E-4,0.0,1.0E-5,2.62103106E11,1.00798602E12,0.856
50,50,1.0E-4,0.0,1.0E-4,2.62829949E11,1.00933829E12,0.854
50,50,1.0E-4,0.0,0.001,2.62978028E11,1.01055096E12,0.8576
50,50,1.0E-4,0.5,1.0E-5,2.61295931E11,1.01184471E12,0.852
50,50,1.0E-4,0.5,1.0E-4,2.61397168E11,1.01144402E12,0.8596
50,50,1.0E-4,0.5,0.001,2.63943619E11,1.0171066E12,0.8556
50,50,1.0E-4,0.9,1.0E-5,2.61430673E11,1.01123654E12,0.8572
50,50,1.0E-4,0.9,1.0E-4,2.63402373E11,1.0141504E12,0.8604
50,50,1.0E-4,0.9,0.001,2.60844995E11,1.01045685E12,0.8544
50,50,1.0E-4,1.0,1.0E-5,2.62222496E11,1.01170669E12,0.8592
50,50,1.0E-4,1.0,1.0E-4,2.59625959E11,1.01664666E12,0.8556
50,50,1.0E-4,1.0,0.001,2.59743302E11,1.01512787E12,0.856
50,50,0.001,0.0,1.0E-5,2.59454779E11,1.01251921E12,0.8416
50,50,0.001,0.0,1.0E-4,2.40813474E11,9.7876849E11,0.8416
50,50,0.001,0.0,0.001,2.49703268E11,9.9598906E11,0.8412
50,50,0.001,0.5,1.0E-5,2.5940879E11,1.01256036E12,0.842
50,50,0.001,0.5,1.0E-4,2.60803592E11,1.01658925E12,0.8404
50,50,0.001,0.5,0.001,2.59196453E11,1.01335872E12,0.8416
50,50,0.001,0.9,1.0E-5,2.60129473E11,1.0143432E12,0.8412
50,50,0.001,0.9,1.0E-4,2.61251514E11,1.01781222E12,0.8412
50,50,0.001,0.9,0.001,2.58557739E11,1.01754733E12,0.8412
50,50,0.001,1.0,1.0E-5,1.11573893E11,7.597285E11,0.8412
50,50,0.001,1.0,1.0E-4,8.6842294E10,7.156735E11,0.8412
50,50,0.001,1.0,0.001,8.6902727E10,7.1742082E11,0.8412
50,128,1.0E-5,0.0,1.0E-5,4.2026185E10,5.06707444E11,0.702
50,128,1.0E-5,0.0,1.0E-4,4.2331206E10,5.07856781E11,0.7488
50,128,1.0E-5,0.0,0.001,4.2586178E10,5.07291828E11,0.7384
50,128,1.0E-5,0.5,1.0E-5,4.2175365E10,5.0750269E11,0.6692
50,128,1.0E-5,0.5,1.0E-4,3.7805162E10,5.08003516E11,0.7232
50,128,1.0E-5,0.5,0.001,3.5699855E10,5.08705079E11,0.7224
50,128,1.0E-5,0.9,1.0E-5,3.5252716E10,5.08495725E11,0.7548
50,128,1.0E-5,0.9,1.0E-4,3.5430605E10,5.0762E11,0.6712
50,128,1.0E-5,0.9,0.001,3.4974839E10,5.0689101E11,0.732
50,128,1.0E-5,1.0,1.0E-5,6.0425695E10,5.49884E11,0.7112
50,128,1.0E-5,1.0,1.0E-4,1.25515719E11,6.580089E11,0.7444
50,128,1.0E-5,1.0,0.001,1.2429765E11,6.5761372E11,0.6908
50,128,1.0E-4,0.0,1.0E-5,1.25819552E11,6.5852788E11,0.7292
50,128,1.0E-4,0.0,1.0E-4,1.25444858E11,6.5770468E11,0.704
50,128,1.0E-4,0.0,0.001,1.27027167E11,6.607082E11,0.724
50,128,1.0E-4,0.5,1.0E-5,1.25887758E11,6.6008364E11,0.718
50,128,1.0E-4,0.5,1.0E-4,1.25990896E11,6.5838796E11,0.7388
50,128,1.0E-4,0.5,0.001,1.2529007E11,6.5706826E11,0.7088
50,128,1.0E-4,0.9,1.0E-5,1.25570671E11,6.5829123E11,0.7256
50,128,1.0E-4,0.9,1.0E-4,1.27504581E11,6.6190154E11,0.7092
50,128,1.0E-4,0.9,0.001,1.2713431E11,6.6329195E11,0.714
50,128,1.0E-4,1.0,1.0E-5,1.28261226E11,6.6814876E11,0.716
50,128,1.0E-4,1.0,1.0E-4,1.27175344E11,6.6265507E11,0.7168
50,128,1.0E-4,1.0,0.001,1.21238643E11,6.5187434E11,0.7128
50,128,0.001,0.0,1.0E-5,1.26988427E11,6.5998186E11,0.6892
50,128,0.001,0.0,1.0E-4,1.26247272E11,6.5930265E11,0.6904
50,128,0.001,0.0,0.001,1.26614118E11,6.5942513E11,0.6852
50,128,0.001,0.5,1.0E-5,1.2654882E11,6.5948169E11,0.686
50,128,0.001,0.5,1.0E-4,1.25894967E11,6.5748186E11,0.6836
50,128,0.001,0.5,0.001,1.25663961E11,6.5633865E11,0.6864
50,128,0.001,0.9,1.0E-5,1.26114742E11,6.5799868E11,0.6848
50,128,0.001,0.9,1.0E-4,1.24590432E11,6.5564829E11,0.6852
50,128,0.001,0.9,0.001,1.25417226E11,6.5795562E11,0.6848
50,128,0.001,1.0,1.0E-5,1.26378369E11,6.5815052E11,0.6868
50,128,0.001,1.0,1.0E-4,1.26086611E11,6.5847709E11,0.6876
50,128,0.001,1.0,0.001,1.25605241E11,6.5713812E11,0.6876
50,256,1.0E-5,0.0,1.0E-5,8.4145668E10,5.7278752E11,0.6564
50,256,1.0E-5,0.0,1.0E-4,8.4709736E10,5.7292272E11,0.7052
50,256,1.0E-5,0.0,0.001,8.445807E10,5.7246836E11,0.7336
50,256,1.0E-5,0.5,1.0E-5,8.3555688E10,5.7152635E11,0.7732
50,256,1.0E-5,0.5,1.0E-4,8.4092641E10,5.7226494E11,0.7508
50,256,1.0E-5,0.5,0.001,8.4677427E10,5.7314188E11,0.676
50,256,1.0E-5,0.9,1.0E-5,8.2562179E10,5.7038452E11,0.6836
50,256,1.0E-5,0.9,1.0E-4,8.5559329E10,5.737551E11,0.6728
50,256,1.0E-5,0.9,0.001,8.4972093E10,5.7427165E11,0.6828
50,256,1.0E-5,1.0,1.0E-5,8.3981951E10,5.7168796E11,0.736
50,256,1.0E-5,1.0,1.0E-4,8.5161591E10,5.7417079E11,0.7336
50,256,1.0E-5,1.0,0.001,8.3531227E10,5.7161351E11,0.7408
50,256,1.0E-4,0.0,1.0E-5,8.34816E10,5.709145E11,0.7396
50,256,1.0E-4,0.0,1.0E-4,8.4344422E10,5.7224502E11,0.7124
50,256,1.0E-4,0.0,0.001,8.4812726E10,5.7328632E11,0.7176
50,256,1.0E-4,0.5,1.0E-5,8.462377E10,5.7233906E11,0.7028
50,256,1.0E-4,0.5,1.0E-4,8.2979324E10,5.6743441E11,0.738
50,256,1.0E-4,0.5,0.001,8.3224486E10,5.6752138E11,0.7208
50,256,1.0E-4,0.9,1.0E-5,8.4156776E10,5.6882096E11,0.7236
50,256,1.0E-4,0.9,1.0E-4,8.450746E10,5.6926188E11,0.7192
50,256,1.0E-4,0.9,0.001,8.4153958E10,5.6850009E11,0.7184
50,256,1.0E-4,1.0,1.0E-5,3.6612149E10,4.94714356E11,0.7376
50,256,1.0E-4,1.0,1.0E-4,1.93010708E10,4.67566133E11,0.7256
50,256,1.0E-4,1.0,0.001,1.92702403E10,4.68759478E11,0.7164
50,256,0.001,0.0,1.0E-5,1.92202424E10,4.68221395E11,0.6928
50,256,0.001,0.0,1.0E-4,1.93951457E10,4.67823395E11,0.6884
50,256,0.001,0.0,0.001,1.92846868E10,4.68207174E11,0.6936
50,256,0.001,0.5,1.0E-5,1.93167196E10,4.68207141E11,0.692
50,256,0.001,0.5,1.0E-4,1.92695726E10,4.6780144E11,0.6988
50,256,0.001,0.5,0.001,1.9297239E10,4.68307509E11,0.692
50,256,0.001,0.9,1.0E-5,1.94134139E10,4.68534034E11,0.694
50,256,0.001,0.9,1.0E-4,1.93538458E10,4.68113064E11,0.6912
50,256,0.001,0.9,0.001,1.92454861E10,4.68194329E11,0.6944
50,256,0.001,1.0,1.0E-5,1.95798979E10,4.68077576E11,0.692
50,256,0.001,1.0,1.0E-4,1.92272097E10,4.6804009E11,0.694
50,256,0.001,1.0,0.001,1.94597683E10,4.68638532E11,0.6868
50,512,1.0E-5,0.0,1.0E-5,1.35031972E10,4.52499243E11,0.7044
50,512,1.0E-5,0.0,1.0E-4,1.35531674E10,4.52697817E11,0.7044
50,512,1.0E-5,0.0,0.001,1.36283648E10,4.52321935E11,0.72
50,512,1.0E-5,0.5,1.0E-5,1.34591375E10,4.52211442E11,0.688
50,512,1.0E-5,0.5,1.0E-4,1.35745454E10,4.52444422E11,0.7536
50,512,1.0E-5,0.5,0.001,1.3508694E10,4.52282155E11,0.7544
50,512,1.0E-5,0.9,1.0E-5,1.36236544E10,4.52451959E11,0.6688
50,512,1.0E-5,0.9,1.0E-4,1.36301036E10,4.52557799E11,0.7044
50,512,1.0E-5,0.9,0.001,1.35967887E10,4.52514742E11,0.7696
50,512,1.0E-5,1.0,1.0E-5,1.3578924E10,4.52307157E11,0.678
50,512,1.0E-5,1.0,1.0E-4,2.97140675E10,4.74302906E11,0.7388
50,512,1.0E-5,1.0,0.001,6.1775933E10,5.17490246E11,0.6604
50,512,1.0E-4,0.0,1.0E-5,5.9684774E10,5.15527934E11,0.7248
50,512,1.0E-4,0.0,1.0E-4,6.1056733E10,5.17387583E11,0.7424
50,512,1.0E-4,0.0,0.001,6.1465936E10,5.17541822E11,0.7272
50,512,1.0E-4,0.5,1.0E-5,6.1799719E10,5.18152716E11,0.742
50,512,1.0E-4,0.5,1.0E-4,5.9383939E10,5.15041165E11,0.744
50,512,1.0E-4,0.5,0.001,5.9828265E10,5.15741286E11,0.7104
50,512,1.0E-4,0.9,1.0E-5,5.9113112E10,5.14514551E11,0.7336
50,512,1.0E-4,0.9,1.0E-4,6.1400596E10,5.16726161E11,0.7128
50,512,1.0E-4,0.9,0.001,5.9622916E10,5.14664301E11,0.7168
50,512,1.0E-4,1.0,1.0E-5,6.0074967E10,5.17084742E11,0.708
50,512,1.0E-4,1.0,1.0E-4,6.1659005E10,5.17437063E11,0.73
50,512,1.0E-4,1.0,0.001,6.1453267E10,5.17314052E11,0.7068
50,512,0.001,0.0,1.0E-5,6.1076496E10,5.16693688E11,0.6936
50,512,0.001,0.0,1.0E-4,5.9651764E10,5.15496018E11,0.694
50,512,0.001,0.0,0.001,5.9746886E10,5.15414917E11,0.6876
50,512,0.001,0.5,1.0E-5,5.9725214E10,5.15274179E11,0.6884
50,512,0.001,0.5,1.0E-4,6.1722755E10,5.17760418E11,0.6932
50,512,0.001,0.5,0.001,6.094223E10,5.16844257E11,0.6872
50,512,0.001,0.9,1.0E-5,6.0034105E10,5.20218477E11,0.6932
50,512,0.001,0.9,1.0E-4,6.1185303E10,5.21449964E11,0.686
50,512,0.001,0.9,0.001,6.0248338E10,5.20548712E11,0.6856
50,512,0.001,1.0,1.0E-5,6.1674E10,5.22268934E11,0.6956
50,512,0.001,1.0,1.0E-4,5.9919598E10,5.20082457E11,0.688
50,512,0.001,1.0,0.001,5.6729186E10,5.14874343E11,0.6884
75,50,1.0E-5,0.0,1.0E-5,3.91065862E11,1.51899262E12,0.8652
75,50,1.0E-5,0.0,1.0E-4,3.90537118E11,1.51901045E12,0.8288
75,50,1.0E-5,0.0,0.001,3.88448944E11,1.51252461E12,0.8516
75,50,1.0E-5,0.5,1.0E-5,3.90272221E11,1.52097705E12,0.8504
75,50,1.0E-5,0.5,1.0E-4,3.93258959E11,1.52395343E12,0.8348
75,50,1.0E-5,0.5,0.001,3.89559222E11,1.5164029E12,0.8652
75,50,1.0E-5,0.9,1.0E-5,3.9056189E11,1.51857005E12,0.8404
75,50,1.0E-5,0.9,1.0E-4,3.88470931E11,1.51129752E12,0.8484
75,50,1.0E-5,0.9,0.001,3.91985496E11,1.52210113E12,0.836
75,50,1.0E-5,1.0,1.0E-5,3.88495507E11,1.51478927E12,0.8464
75,50,1.0E-5,1.0,1.0E-4,3.91538442E11,1.52002783E12,0.8412
75,50,1.0E-5,1.0,0.001,3.90192169E11,1.52001079E12,0.8504
75,50,1.0E-4,0.0,1.0E-5,3.91372046E11,1.52577101E12,0.854
75,50,1.0E-4,0.0,1.0E-4,3.89506236E11,1.51840031E12,0.8536
75,50,1.0E-4,0.0,0.001,3.90799294E11,1.51727571E12,0.8544
75,50,1.0E-4,0.5,1.0E-5,3.92362394E11,1.522228E12,0.8556
75,50,1.0E-4,0.5,1.0E-4,3.91445152E11,1.52290145E12,0.8528
75,50,1.0E-4,0.5,0.001,3.93886695E11,1.52628521E12,0.8564
75,50,1.0E-4,0.9,1.0E-5,3.903855E11,1.51819177E12,0.8568
75,50,1.0E-4,0.9,1.0E-4,3.8898434E11,1.52094061E12,0.8556
75,50,1.0E-4,0.9,0.001,3.92455193E11,1.5243435E12,0.8572
75,50,1.0E-4,1.0,1.0E-5,3.70114658E11,1.48492583E12,0.854
75,50,1.0E-4,1.0,1.0E-4,3.88045668E11,1.51579564E12,0.8576
75,50,1.0E-4,1.0,0.001,3.79088437E11,1.49898055E12,0.8572
75,50,0.001,0.0,1.0E-5,3.90140428E11,1.51651602E12,0.8404
75,50,0.001,0.0,1.0E-4,3.89637046E11,1.51735121E12,0.8408
75,50,0.001,0.0,0.001,3.91415169E11,1.52227466E12,0.8404
75,50,0.001,0.5,1.0E-5,3.89412061E11,1.51622058E12,0.8408
75,50,0.001,0.5,1.0E-4,3.92875901E11,1.52283683E12,0.8404
75,50,0.001,0.5,0.001,3.90228279E11,1.51862143E12,0.8404
75,50,0.001,0.9,1.0E-5,3.90665568E11,1.5157516E12,0.84
75,50,0.001,0.9,1.0E-4,3.87165749E11,1.51349494E12,0.8408
75,50,0.001,0.9,0.001,3.93109635E11,1.5220989E12,0.84
75,50,0.001,1.0,1.0E-5,3.90433538E11,1.52028289E12,0.8404
75,50,0.001,1.0,1.0E-4,3.89866324E11,1.51878749E12,0.8408
75,50,0.001,1.0,0.001,3.90460539E11,1.52145769E12,0.8404
75,128,1.0E-5,0.0,1.0E-5,1.87951317E11,9.8584363E11,0.686
75,128,1.0E-5,0.0,1.0E-4,1.89271425E11,9.8822213E11,0.6828
75,128,1.0E-5,0.0,0.001,1.883648E11,9.8593767E11,0.6792
75,128,1.0E-5,0.5,1.0E-5,1.88686565E11,9.8679416E11,0.7412
75,128,1.0E-5,0.5,1.0E-4,1.88558459E11,9.8731852E11,0.7524
75,128,1.0E-5,0.5,0.001,1.88484977E11,9.8637296E11,0.764
75,128,1.0E-5,0.9,1.0E-5,1.906002E11,9.9081355E11,0.7196
75,128,1.0E-5,0.9,1.0E-4,1.89446455E11,9.8736072E11,0.7004
75,128,1.0E-5,0.9,0.001,1.8865401E11,9.8664002E11,0.6664
75,128,1.0E-5,1.0,1.0E-5,1.88811674E11,9.8659474E11,0.732
75,128,1.0E-5,1.0,1.0E-4,1.88497592E11,9.8608074E11,0.7224
75,128,1.0E-5,1.0,0.001,1.90973362E11,9.903065E11,0.744
75,128,1.0E-4,0.0,1.0E-5,1.89776544E11,9.8966097E11,0.74
75,128,1.0E-4,0.0,1.0E-4,1.88450849E11,9.8559217E11,0.7304
75,128,1.0E-4,0.0,0.001,1.87737817E11,9.8488798E11,0.7248
75,128,1.0E-4,0.5,1.0E-5,1.90740677E11,9.8891085E11,0.7104
75,128,1.0E-4,0.5,1.0E-4,1.89827236E11,9.8965049E11,0.7268
75,128,1.0E-4,0.5,0.001,1.898361E11,9.8669075E11,0.7272
75,128,1.0E-4,0.9,1.0E-5,1.88086108E11,9.8546555E11,0.7044
75,128,1.0E-4,0.9,1.0E-4,1.88665151E11,9.8528834E11,0.7172
75,128,1.0E-4,0.9,0.001,1.89676814E11,9.8140652E11,0.7064
75,128,1.0E-4,1.0,1.0E-5,1.89838606E11,9.8323051E11,0.716
75,128,1.0E-4,1.0,1.0E-4,1.8979591E11,9.8106003E11,0.7156
75,128,1.0E-4,1.0,0.001,1.9055498E11,9.8321669E11,0.7204
75,128,0.001,0.0,1.0E-5,1.90105993E11,9.8303449E11,0.686
75,128,0.001,0.0,1.0E-4,1.89411181E11,9.8037773E11,0.6852
75,128,0.001,0.0,0.001,1.8933683E11,9.7963481E11,0.688
75,128,0.001,0.5,1.0E-5,1.90686691E11,9.8351356E11,0.6856
75,128,0.001,0.5,1.0E-4,1.90605984E11,9.8253603E11,0.6852
75,128,0.001,0.5,0.001,1.90444503E11,9.8467886E11,0.6876
75,128,0.001,0.9,1.0E-5,1.89474505E11,9.8185865E11,0.6844
75,128,0.001,0.9,1.0E-4,1.90979768E11,9.8357844E11,0.6848
75,128,0.001,0.9,0.001,1.89895688E11,9.8160804E11,0.6816
75,128,0.001,1.0,1.0E-5,1.89384983E11,9.7856278E11,0.6844
75,128,0.001,1.0,1.0E-4,1.87993244E11,9.7764842E11,0.6832
75,128,0.001,1.0,0.001,1.89232366E11,9.784338E11,0.6824
75,256,1.0E-5,0.0,1.0E-5,1.25627826E11,8.5144784E11,0.7484
75,256,1.0E-5,0.0,1.0E-4,1.25465289E11,8.568408E11,0.7588
75,256,1.0E-5,0.0,0.001,1.24657598E11,8.5580539E11,0.7684
75,256,1.0E-5,0.5,1.0E-5,1.25510623E11,8.5688779E11,0.7196
75,256,1.0E-5,0.5,1.0E-4,1.26670078E11,8.5962483E11,0.7488
75,256,1.0E-5,0.5,0.001,1.19015825E11,8.4808715E11,0.7408
75,256,1.0E-5,0.9,1.0E-5,1.13180484E11,8.3783536E11,0.7312
75,256,1.0E-5,0.9,1.0E-4,1.25988413E11,8.5888467E11,0.7168
75,256,1.0E-5,0.9,0.001,1.25445751E11,8.5735958E11,0.7152
75,256,1.0E-5,1.0,1.0E-5,1.25618602E11,8.590664E11,0.694
75,256,1.0E-5,1.0,1.0E-4,1.26216004E11,8.5927402E11,0.7464
75,256,1.0E-5,1.0,0.001,1.26238245E11,8.6032312E11,0.7016
75,256,1.0E-4,0.0,1.0E-5,1.27250465E11,8.6124796E11,0.7188
75,256,1.0E-4,0.0,1.0E-4,1.26661829E11,8.5817505E11,0.72
75,256,1.0E-4,0.0,0.001,1.26239244E11,8.5996483E11,0.7228
75,256,1.0E-4,0.5,1.0E-5,1.26321762E11,8.5992276E11,0.7088
75,256,1.0E-4,0.5,1.0E-4,1.25793714E11,8.5797031E11,0.726
75,256,1.0E-4,0.5,0.001,1.26014546E11,8.594355E11,0.702
75,256,1.0E-4,0.9,1.0E-5,1.27145427E11,8.609328E11,0.7168
75,256,1.0E-4,0.9,1.0E-4,1.26357438E11,8.6177068E11,0.74
75,256,1.0E-4,0.9,0.001,1.26390067E11,8.5734837E11,0.7092
75,256,1.0E-4,1.0,1.0E-5,1.27174091E11,8.5926439E11,0.7328
75,256,1.0E-4,1.0,1.0E-4,1.26858158E11,8.6025077E11,0.7488
75,256,1.0E-4,1.0,0.001,1.26787641E11,8.5907361E11,0.7268
75,256,0.001,0.0,1.0E-5,1.26938227E11,8.5905572E11,0.6916
75,256,0.001,0.0,1.0E-4,1.25886988E11,8.5788623E11,0.6876
75,256,0.001,0.0,0.001,1.27385027E11,8.596072E11,0.6872
75,256,0.001,0.5,1.0E-5,1.25869056E11,8.581236E11,0.6892
75,256,0.001,0.5,1.0E-4,1.26266745E11,8.5720649E11,0.6872
75,256,0.001,0.5,0.001,1.26856061E11,8.5850436E11,0.6848
75,256,0.001,0.9,1.0E-5,1.27609348E11,8.6214561E11,0.6676
75,256,0.001,0.9,1.0E-4,1.25760455E11,8.5799535E11,0.6832
75,256,0.001,0.9,0.001,1.24471525E11,8.5630583E11,0.6832
75,256,0.001,1.0,1.0E-5,1.25800759E11,8.5717896E11,0.6908
75,256,0.001,1.0,1.0E-4,1.25427294E11,8.5711376E11,0.6888
75,256,0.001,1.0,0.001,1.24917113E11,8.5558487E11,0.6848
75,512,1.0E-5,0.0,1.0E-5,8.9273475E10,7.7907493E11,0.6972
75,512,1.0E-5,0.0,1.0E-4,9.0121888E10,7.7988633E11,0.7128
75,512,1.0E-5,0.0,0.001,8.9764241E10,7.8023891E11,0.756
75,512,1.0E-5,0.5,1.0E-5,9.2003049E10,7.8190563E11,0.6924
75,512,1.0E-5,0.5,1.0E-4,9.1501191E10,7.810258E11,0.7084
75,512,1.0E-5,0.5,0.001,8.9236177E10,7.776372E11,0.7056
75,512,1.0E-5,0.9,1.0E-5,8.451874E10,7.715858E11,0.6816
75,512,1.0E-5,0.9,1.0E-4,8.9818391E10,7.7980081E11,0.7276
75,512,1.0E-5,0.9,0.001,9.0664714E10,7.7999715E11,0.6988
75,512,1.0E-5,1.0,1.0E-5,9.1883626E10,7.8171079E11,0.7824
75,512,1.0E-5,1.0,1.0E-4,9.0545406E10,7.8085718E11,0.6932
75,512,1.0E-5,1.0,0.001,8.9862029E10,7.7982099E11,0.6848
75,512,1.0E-4,0.0,1.0E-5,9.2460294E10,7.8196572E11,0.7132
75,512,1.0E-4,0.0,1.0E-4,8.9211265E10,7.7796724E11,0.708
75,512,1.0E-4,0.0,0.001,8.9545507E10,7.7942974E11,0.7092
75,512,1.0E-4,0.5,1.0E-5,9.1566875E10,7.8131547E11,0.7112
75,512,1.0E-4,0.5,1.0E-4,9.1969683E10,7.816598E11,0.7004
75,512,1.0E-4,0.5,0.001,8.8971067E10,7.7858655E11,0.7
75,512,1.0E-4,0.9,1.0E-5,8.952646E10,7.7966377E11,0.7296
75,512,1.0E-4,0.9,1.0E-4,8.9937715E10,7.7992054E11,0.7132
75,512,1.0E-4,0.9,0.001,8.9318859E10,7.8003175E11,0.7244
75,512,1.0E-4,1.0,1.0E-5,9.0990133E10,7.8088936E11,0.7188
75,512,1.0E-4,1.0,1.0E-4,8.9198502E10,7.7934205E11,0.7188
75,512,1.0E-4,1.0,0.001,9.1281244E10,7.8142203E11,0.7184
75,512,0.001,0.0,1.0E-5,9.0816111E10,7.8109999E11,0.6924
75,512,0.001,0.0,1.0E-4,9.1168301E10,7.8091793E11,0.684
75,512,0.001,0.0,0.001,8.9287352E10,7.797451E11,0.688
75,512,0.001,0.5,1.0E-5,8.9536561E10,7.8009244E11,0.6808
75,512,0.001,0.5,1.0E-4,9.1841184E10,7.8244243E11,0.6872
75,512,0.001,0.5,0.001,8.972279E10,7.8005391E11,0.6856
75,512,0.001,0.9,1.0E-5,9.0798932E10,7.8189062E11,0.6896
75,512,0.001,0.9,1.0E-4,8.9437897E10,7.7958794E11,0.686
75,512,0.001,0.9,0.001,9.1499667E10,7.8219221E11,0.686
75,512,0.001,1.0,1.0E-5,9.0788528E10,7.8066241E11,0.6848
75,512,0.001,1.0,1.0E-4,8.9075909E10,7.7973874E11,0.6808
75,512,0.001,1.0,0.001,8.989039E10,7.8055277E11,0.688
86,50,1.0E-5,0.0,1.0E-5,4.44840182E11,1.7334348E12,0.8388
86,50,1.0E-5,0.0,1.0E-4,4.46462099E11,1.73909515E12,0.8512
86,50,1.0E-5,0.0,0.001,4.04925874E11,1.66737635E12,0.8424
86,50,1.0E-5,0.5,1.0E-5,4.34956698E11,1.71937392E12,0.8468
86,50,1.0E-5,0.5,1.0E-4,4.47337333E11,1.73977148E12,0.8456
86,50,1.0E-5,0.5,0.001,4.49287553E11,1.74731873E12,0.8532
86,50,1.0E-5,0.9,1.0E-5,4.49426719E11,1.74700652E12,0.8504
86,50,1.0E-5,0.9,1.0E-4,4.49448182E11,1.74635195E12,0.8436
86,50,1.0E-5,0.9,0.001,4.49783923E11,1.74609465E12,0.8404
86,50,1.0E-5,1.0,1.0E-5,4.45910516E11,1.73914273E12,0.8404
86,50,1.0E-5,1.0,1.0E-4,4.49030914E11,1.73701005E12,0.8532
86,50,1.0E-5,1.0,0.001,4.49388741E11,1.72766475E12,0.8496
86,50,1.0E-4,0.0,1.0E-5,4.50341044E11,1.73134316E12,0.8548
86,50,1.0E-4,0.0,1.0E-4,4.48276169E11,1.7261856E12,0.8536
86,50,1.0E-4,0.0,0.001,4.5270034E11,1.73353507E12,0.8576
86,50,1.0E-4,0.5,1.0E-5,4.50433057E11,1.72969204E12,0.8528
86,50,1.0E-4,0.5,1.0E-4,4.50525823E11,1.72936764E12,0.8544
86,50,1.0E-4,0.5,0.001,4.51808625E11,1.7333787E12,0.8552
86,50,1.0E-4,0.9,1.0E-5,4.53298979E11,1.7347699E12,0.8544
86,50,1.0E-4,0.9,1.0E-4,4.51319431E11,1.73215646E12,0.8544
86,50,1.0E-4,0.9,0.001,4.51940712E11,1.73423696E12,0.8564
86,50,1.0E-4,1.0,1.0E-5,4.49038647E11,1.72785664E12,0.8548
86,50,1.0E-4,1.0,1.0E-4,4.4926704E11,1.73166441E12,0.8532
86,50,1.0E-4,1.0,0.001,4.49141637E11,1.72744101E12,0.8532
86,50,0.001,0.0,1.0E-5,4.4728569E11,1.72741257E12,0.8396
86,50,0.001,0.0,1.0E-4,4.52274848E11,1.73492771E12,0.84
86,50,0.001,0.0,0.001,4.53903352E11,1.73570104E12,0.84
86,50,0.001,0.5,1.0E-5,4.53084774E11,1.73665812E12,0.84
86,50,0.001,0.5,1.0E-4,4.4873456E11,1.72732475E12,0.84
86,50,0.001,0.5,0.001,4.52754473E11,1.73442217E12,0.8404
86,50,0.001,0.9,1.0E-5,4.39285875E11,1.71285768E12,0.8404
86,50,0.001,0.9,1.0E-4,4.44111716E11,1.74186889E12,0.8396
86,50,0.001,0.9,0.001,4.473141E11,1.74291825E12,0.8404
86,50,0.001,1.0,1.0E-5,4.22043484E11,1.69581098E12,0.8396
86,50,0.001,1.0,1.0E-4,4.4834118E11,1.74047599E12,0.84
86,50,0.001,1.0,0.001,4.48870416E11,1.74080197E12,0.8396
86,128,1.0E-5,0.0,1.0E-5,2.17997214E11,1.13576365E12,0.7048
86,128,1.0E-5,0.0,1.0E-4,2.16641274E11,1.13118465E12,0.7248
86,128,1.0E-5,0.0,0.001,2.15852696E11,1.13133512E12,0.712
86,128,1.0E-5,0.5,1.0E-5,2.17451119E11,1.13676124E12,0.728
86,128,1.0E-5,0.5,1.0E-4,2.14926098E11,1.129549E12,0.684
86,128,1.0E-5,0.5,0.001,2.16255791E11,1.13146921E12,0.74
86,128,1.0E-5,0.9,1.0E-5,2.15976755E11,1.13313763E12,0.7736
86,128,1.0E-5,0.9,1.0E-4,2.17538707E11,1.13181655E12,0.6848
86,128,1.0E-5,0.9,0.001,2.1649603E11,1.13197724E12,0.6924
86,128,1.0E-5,1.0,1.0E-5,2.16348295E11,1.13208145E12,0.6836
86,128,1.0E-5,1.0,1.0E-4,2.17386402E11,1.13711972E12,0.7184
86,128,1.0E-5,1.0,0.001,2.1588453E11,1.13091386E12,0.7692
86,128,1.0E-4,0.0,1.0E-5,2.17395855E11,1.13601911E12,0.7196
86,128,1.0E-4,0.0,1.0E-4,2.1775845E11,1.13543243E12,0.7124
86,128,1.0E-4,0.0,0.001,2.16760861E11,1.13283708E12,0.708
86,128,1.0E-4,0.5,1.0E-5,2.17714901E11,1.13562445E12,0.752
86,128,1.0E-4,0.5,1.0E-4,2.16956879E11,1.13344853E12,0.7056
86,128,1.0E-4,0.5,0.001,2.16023368E11,1.13214856E12,0.7304
86,128,1.0E-4,0.9,1.0E-5,2.14533784E11,1.12879665E12,0.7336
86,128,1.0E-4,0.9,1.0E-4,2.16257561E11,1.13270194E12,0.71
86,128,1.0E-4,0.9,0.001,2.1745043E11,1.13331824E12,0.7332
86,128,1.0E-4,1.0,1.0E-5,2.16979341E11,1.13372784E12,0.7192
86,128,1.0E-4,1.0,1.0E-4,2.17740526E11,1.1357322E12,0.728
86,128,1.0E-4,1.0,0.001,2.16054956E11,1.13073901E12,0.7196
86,128,0.001,0.0,1.0E-5,2.16782602E11,1.13425737E12,0.684
86,128,0.001,0.0,1.0E-4,2.16689656E11,1.13225027E12,0.6828
86,128,0.001,0.0,0.001,2.16192778E11,1.13197475E12,0.6836
86,128,0.001,0.5,1.0E-5,2.16963842E11,1.13275974E12,0.6832
86,128,0.001,0.5,1.0E-4,2.16385225E11,1.13206834E12,0.6848
86,128,0.001,0.5,0.001,1.98833193E11,1.10213962E12,0.6844
86,128,0.001,0.9,1.0E-5,2.03727421E11,1.10829122E12,0.6872
86,128,0.001,0.9,1.0E-4,2.1112216E11,1.12191393E12,0.6852
86,128,0.001,0.9,0.001,2.16771199E11,1.13281506E12,0.6864
86,128,0.001,1.0,1.0E-5,2.15543169E11,1.1296553E12,0.6864
86,128,0.001,1.0,1.0E-4,2.1764132E11,1.13569379E12,0.6876
86,128,0.001,1.0,0.001,2.16454152E11,1.13083862E12,0.6856
86,256,1.0E-5,0.0,1.0E-5,8.443777E10,8.792836E11,0.732
86,256,1.0E-5,0.0,1.0E-4,5.3183279E10,8.1736185E11,0.7076
86,256,1.0E-5,0.0,0.001,5.1713819E10,8.1799427E11,0.6812
86,256,1.0E-5,0.5,1.0E-5,3.602917E10,8.1417214E11,0.6876
86,256,1.0E-5,0.5,1.0E-4,3.5805774E10,8.1279438E11,0.704
86,256,1.0E-5,0.5,0.001,3.6083212E10,8.1372558E11,0.7072
86,256,1.0E-5,0.9,1.0E-5,3.6377428E10,8.1501264E11,0.7352
86,256,1.0E-5,0.9,1.0E-4,3.5945263E10,8.1310987E11,0.7468
86,256,1.0E-5,0.9,0.001,3.5935658E10,8.1346776E11,0.6572
86,256,1.0E-5,1.0,1.0E-5,3.6055605E10,8.1419436E11,0.758
86,256,1.0E-5,1.0,1.0E-4,3.5918778E10,8.1278553E11,0.7296
86,256,1.0E-5,1.0,0.001,3.5831755E10,8.150521E11,0.736
86,256,1.0E-4,0.0,1.0E-5,3.5329016E10,8.1081277E11,0.7228
86,256,1.0E-4,0.0,1.0E-4,3.5462414E10,8.1102347E11,0.7116
86,256,1.0E-4,0.0,0.001,3.5177497E10,8.1175537E11,0.734
86,256,1.0E-4,0.5,1.0E-5,3.5309232E10,8.1044177E11,0.7232
86,256,1.0E-4,0.5,1.0E-4,3.5403403E10,8.1228929E11,0.7184
86,256,1.0E-4,0.5,0.001,3.5287609E10,8.1172811E11,0.728
86,256,1.0E-4,0.9,1.0E-5,3.5207721E10,8.1138568E11,0.7092
86,256,1.0E-4,0.9,1.0E-4,3.5519136E10,8.1287682E11,0.7276
86,256,1.0E-4,0.9,0.001,3.5707269E10,8.1219473E11,0.7252
86,256,1.0E-4,1.0,1.0E-5,3.5579138E10,8.1278088E11,0.7276
86,256,1.0E-4,1.0,1.0E-4,3.5006517E10,8.1046123E11,0.736
86,256,1.0E-4,1.0,0.001,3.5211801E10,8.1191194E11,0.7344
86,256,0.001,0.0,1.0E-5,3.5233784E10,8.1192334E11,0.6788
86,256,0.001,0.0,1.0E-4,7.5029856E10,8.7096833E11,0.69
86,256,0.001,0.0,0.001,1.44260612E11,9.836409E11,0.6896
86,256,0.001,0.5,1.0E-5,1.43809659E11,9.8578504E11,0.6872
86,256,0.001,0.5,1.0E-4,1.44395076E11,9.8400705E11,0.69
86,256,0.001,0.5,0.001,1.44938238E11,9.8492226E11,0.6876
86,256,0.001,0.9,1.0E-5,1.45039491E11,9.8580123E11,0.6864
86,256,0.001,0.9,1.0E-4,1.45328472E11,9.8745935E11,0.6868
86,256,0.001,0.9,0.001,1.45736565E11,9.8801477E11,0.6856
86,256,0.001,1.0,1.0E-5,1.45194844E11,9.862261E11,0.6892
86,256,0.001,1.0,1.0E-4,1.45008542E11,9.8580169E11,0.6848
86,256,0.001,1.0,0.001,1.27898362E11,9.581316E11,0.68
86,512,1.0E-5,0.0,1.0E-5,1.0596751E11,8.9884787E11,0.702
86,512,1.0E-5,0.0,1.0E-4,1.01672698E11,8.9162128E11,0.718
86,512,1.0E-5,0.0,0.001,1.03710573E11,8.9560934E11,0.7312
86,512,1.0E-5,0.5,1.0E-5,1.03522468E11,8.9341526E11,0.7224
86,512,1.0E-5,0.5,1.0E-4,1.05757352E11,8.9090222E11,0.738
86,512,1.0E-5,0.5,0.001,1.0327466E11,8.8817848E11,0.6832
86,512,1.0E-5,0.9,1.0E-5,1.02990455E11,8.8928695E11,0.6728
86,512,1.0E-5,0.9,1.0E-4,1.02596805E11,8.8685013E11,0.6792
86,512,1.0E-5,0.9,0.001,1.03281009E11,8.8845923E11,0.746
86,512,1.0E-5,1.0,1.0E-5,1.05063719E11,8.8924547E11,0.736
86,512,1.0E-5,1.0,1.0E-4,1.05569296E11,8.9097706E11,0.6992
86,512,1.0E-5,1.0,0.001,1.03227392E11,8.8751735E11,0.664
86,512,1.0E-4,0.0,1.0E-5,1.05112879E11,8.896476E11,0.744
86,512,1.0E-4,0.0,1.0E-4,1.04462959E11,8.8874733E11,0.7336
86,512,1.0E-4,0.0,0.001,1.05726509E11,8.9021075E11,0.7172
86,512,1.0E-4,0.5,1.0E-5,1.05662996E11,8.9018388E11,0.7296
86,512,1.0E-4,0.5,1.0E-4,1.05672999E11,8.9023021E11,0.722
86,512,1.0E-4,0.5,0.001,1.03754105E11,8.8832757E11,0.7056
86,512,1.0E-4,0.9,1.0E-5,1.02282625E11,8.8597896E11,0.7216
86,512,1.0E-4,0.9,1.0E-4,1.03010648E11,8.8747147E11,0.7172
86,512,1.0E-4,0.9,0.001,1.03347241E11,8.8799969E11,0.7324
86,512,1.0E-4,1.0,1.0E-5,1.05636192E11,8.8986026E11,0.7408
86,512,1.0E-4,1.0,1.0E-4,1.0194962E11,8.857349E11,0.6884
86,512,1.0E-4,1.0,0.001,1.04174559E11,8.8942549E11,0.7108
86,512,0.001,0.0,1.0E-5,1.01981749E11,8.8553744E11,0.6852
86,512,0.001,0.0,1.0E-4,1.03306109E11,8.8783952E11,0.6848
86,512,0.001,0.0,0.001,1.02590128E11,8.8639223E11,0.6828
86,512,0.001,0.5,1.0E-5,1.03867367E11,8.8848695E11,0.684
86,512,0.001,0.5,1.0E-4,1.02970802E11,8.8703199E11,0.6876
86,512,0.001,0.5,0.001,1.02485615E11,8.8672082E11,0.6808
86,512,0.001,0.9,1.0E-5,1.05727443E11,8.907988E11,0.6868
86,512,0.001,0.9,1.0E-4,1.06060661E11,8.8967604E11,0.6864
86,512,0.001,0.9,0.001,1.0519765E11,8.8869575E11,0.6852
86,512,0.001,1.0,1.0E-5,1.06163347E11,8.8972722E11,0.6852
86,512,0.001,1.0,1.0E-4,1.02546506E11,8.8701121E11,0.6864
86,512,0.001,1.0,0.001,1.0451039E11,8.8844986E11,0.6872
100,50,1.0E-5,0.0,1.0E-5,5.29451581E11,2.02679163E12,0.8496
100,50,1.0E-5,0.0,1.0E-4,5.23178115E11,2.01099221E12,0.856
100,50,1.0E-5,0.0,0.001,5.25616644E11,2.02188666E12,0.8476
100,50,1.0E-5,0.5,1.0E-5,5.20945762E11,2.0475364E12,0.8652
100,50,1.0E-5,0.5,1.0E-4,5.23064214E11,2.04688576E12,0.8416
100,50,1.0E-5,0.5,0.001,5.18135218E11,2.03986043E12,0.8536
100,50,1.0E-5,0.9,1.0E-5,5.15981115E11,2.03683686E12,0.8536
100,50,1.0E-5,0.9,1.0E-4,5.19582908E11,2.03948583E12,0.8412
100,50,1.0E-5,0.9,0.001,5.0212651E11,1.98561327E12,0.8532
100,50,1.0E-5,1.0,1.0E-5,4.91919671E11,1.96031296E12,0.8624
100,50,1.0E-5,1.0,1.0E-4,5.09570843E11,1.99393817E12,0.8416
100,50,1.0E-5,1.0,0.001,4.85721539E11,1.95366722E12,0.8464
100,50,1.0E-4,0.0,1.0E-5,5.02960587E11,1.97757082E12,0.8536
100,50,1.0E-4,0.0,1.0E-4,5.05762284E11,1.9873906E12,0.8532
100,50,1.0E-4,0.0,0.001,5.06078659E11,1.99050094E12,0.8556
100,50,1.0E-4,0.5,1.0E-5,4.96370647E11,1.98746898E12,0.8544
100,50,1.0E-4,0.5,1.0E-4,4.95347204E11,1.97927476E12,0.8524
100,50,1.0E-4,0.5,0.001,5.05777816E11,1.98276481E12,0.856
100,50,1.0E-4,0.9,1.0E-5,4.98605031E11,1.97747474E12,0.8556
100,50,1.0E-4,0.9,1.0E-4,4.96305209E11,1.98245954E12,0.856
100,50,1.0E-4,0.9,0.001,5.03841784E11,1.98312355E12,0.8532
100,50,1.0E-4,1.0,1.0E-5,5.06363576E11,1.98668662E12,0.854
100,50,1.0E-4,1.0,1.0E-4,4.94498939E11,1.9885557E12,0.8536
100,50,1.0E-4,1.0,0.001,5.03779426E11,1.98113939E12,0.854
100,50,0.001,0.0,1.0E-5,4.67091259E11,1.9254292E12,0.8408
100,50,0.001,0.0,1.0E-4,4.94095401E11,1.96535897E12,0.8404
100,50,0.001,0.0,0.001,4.97180901E11,1.96911104E12,0.8396
100,50,0.001,0.5,1.0E-5,5.00605157E11,1.97291698E12,0.84
100,50,0.001,0.5,1.0E-4,5.0457736E11,1.97488162E12,0.8396
100,50,0.001,0.5,0.001,5.00914586E11,1.97441526E12,0.84
100,50,0.001,0.9,1.0E-5,4.98761892E11,1.96996602E12,0.8396
100,50,0.001,0.9,1.0E-4,5.01475738E11,1.97582586E12,0.8396
100,50,0.001,0.9,0.001,5.02729966E11,1.97603033E12,0.8404
100,50,0.001,1.0,1.0E-5,4.96758063E11,1.97214785E12,0.8408
100,50,0.001,1.0,1.0E-4,5.04170512E11,1.97953061E12,0.8404
100,50,0.001,1.0,0.001,5.0367991E11,1.97888587E12,0.8404
100,128,1.0E-5,0.0,1.0E-5,2.48582504E11,1.30180252E12,0.6692
100,128,1.0E-5,0.0,1.0E-4,2.4728268E11,1.30100009E12,0.7152
100,128,1.0E-5,0.0,0.001,2.52028305E11,1.31069169E12,0.7408
100,128,1.0E-5,0.5,1.0E-5,2.48613782E11,1.30591241E12,0.6856
100,128,1.0E-5,0.5,1.0E-4,2.49268503E11,1.3057913E12,0.6904
100,128,1.0E-5,0.5,0.001,2.47778181E11,1.30446577E12,0.7304
100,128,1.0E-5,0.9,1.0E-5,2.48850891E11,1.30411305E12,0.7376
100,128,1.0E-5,0.9,1.0E-4,2.47888069E11,1.30308597E12,0.732
100,128,1.0E-5,0.9,0.001,2.48627413E11,1.3049818E12,0.7428
100,128,1.0E-5,1.0,1.0E-5,2.46849257E11,1.30226376E12,0.758
100,128,1.0E-5,1.0,1.0E-4,2.51008483E11,1.31025601E12,0.7964
100,128,1.0E-5,1.0,0.001,2.48486248E11,1.30239785E12,0.7308
100,128,1.0E-4,0.0,1.0E-5,2.48870633E11,1.30432526E12,0.7128
100,128,1.0E-4,0.0,1.0E-4,2.50170343E11,1.30691734E12,0.7364
100,128,1.0E-4,0.0,0.001,2.48526815E11,1.3032835E12,0.7376
100,128,1.0E-4,0.5,1.0E-5,2.47512351E11,1.30276603E12,0.7436
100,128,1.0E-4,0.5,1.0E-4,2.49211568E11,1.30475806E12,0.7244
100,128,1.0E-4,0.5,0.001,2.47926718E11,1.30476134E12,0.718
100,128,1.0E-4,0.9,1.0E-5,2.49437979E11,1.30551644E12,0.7264
100,128,1.0E-4,0.9,1.0E-4,2.52547826E11,1.30256024E12,0.7184
100,128,1.0E-4,0.9,0.001,2.5219711E11,1.30257794E12,0.722
100,128,1.0E-4,1.0,1.0E-5,2.53122609E11,1.30581332E12,0.7228
100,128,1.0E-4,1.0,1.0E-4,2.51163394E11,1.30107638E12,0.716
100,128,1.0E-4,1.0,0.001,2.53058073E11,1.30451636E12,0.7224
100,128,0.001,0.0,1.0E-5,2.50666254E11,1.29920428E12,0.682
100,128,0.001,0.0,1.0E-4,2.50181435E11,1.29879035E12,0.6856
100,128,0.001,0.0,0.001,2.51174846E11,1.30089917E12,0.6832
100,128,0.001,0.5,1.0E-5,2.52584591E11,1.30468413E12,0.6824
100,128,0.001,0.5,1.0E-4,2.52494299E11,1.30559928E12,0.6828
100,128,0.001,0.5,0.001,2.35836637E11,1.27837051E12,0.6836
100,128,0.001,0.9,1.0E-5,2.52103131E11,1.30211591E12,0.6828
100,128,0.001,0.9,1.0E-4,2.52822389E11,1.30450771E12,0.6844
100,128,0.001,0.9,0.001,2.531048E11,1.30379009E12,0.6828
100,128,0.001,1.0,1.0E-5,2.52171223E11,1.30048668E12,0.6832
100,128,0.001,1.0,1.0E-4,2.52755558E11,1.30266995E12,0.6876
100,128,0.001,1.0,0.001,2.21093151E11,1.26267661E12,0.6836
100,256,1.0E-5,0.0,1.0E-5,1.65866439E11,1.13366702E12,0.7228
100,256,1.0E-5,0.0,1.0E-4,1.68743371E11,1.13773432E12,0.666
100,256,1.0E-5,0.0,0.001,1.54371473E11,1.11681864E12,0.7232
100,256,1.0E-5,0.5,1.0E-5,1.33241504E11,1.08034182E12,0.7584
100,256,1.0E-5,0.5,1.0E-4,1.66180569E11,1.13233245E12,0.7456
100,256,1.0E-5,0.5,0.001,1.65625594E11,1.13018746E12,0.7376
100,256,1.0E-5,0.9,1.0E-5,1.6563336E11,1.130237E12,0.742
100,256,1.0E-5,0.9,1.0E-4,1.6475888E11,1.12932671E12,0.7544
100,256,1.0E-5,0.9,0.001,1.66603424E11,1.1326271E12,0.7248
100,256,1.0E-5,1.0,1.0E-5,1.65908775E11,1.13037056E12,0.7148
100,256,1.0E-5,1.0,1.0E-4,1.65185667E11,1.12870359E12,0.7336
100,256,1.0E-5,1.0,0.001,1.653422E11,1.12827498E12,0.7152
100,256,1.0E-4,0.0,1.0E-5,1.50412935E11,1.10528456E12,0.7272
100,256,1.0E-4,0.0,1.0E-4,1.61203175E11,1.12419301E12,0.7348
100,256,1.0E-4,0.0,0.001,1.66054822E11,1.1310697E12,0.7276
100,256,1.0E-4,0.5,1.0E-5,1.65391434E11,1.13093391E12,0.7256
100,256,1.0E-4,0.5,1.0E-4,6.7956777E10,9.4587342E11,0.7336
100,256,1.0E-4,0.5,0.001,6.9305942E10,9.4661883E11,0.7092
100,256,1.0E-4,0.9,1.0E-5,4.9516708E10,9.4076227E11,0.7304
100,256,1.0E-4,0.9,1.0E-4,4.1331372E10,9.3990329E11,0.7232
100,256,1.0E-4,0.9,0.001,9.0603848E10,1.01742241E12,0.7148
100,256,1.0E-4,1.0,1.0E-5,1.67967408E11,1.14363938E12,0.716
100,256,1.0E-4,1.0,1.0E-4,1.66488424E11,1.14085999E12,0.734
100,256,1.0E-4,1.0,0.001,1.66852739E11,1.14125727E12,0.724
100,256,0.001,0.0,1.0E-5,1.66003311E11,1.13871657E12,0.6852
100,256,0.001,0.0,1.0E-4,1.67127679E11,1.14271571E12,0.6864
100,256,0.001,0.0,0.001,1.67023968E11,1.14046638E12,0.688
100,256,0.001,0.5,1.0E-5,1.66762971E11,1.14081726E12,0.6764
100,256,0.001,0.5,1.0E-4,1.66236701E11,1.14072473E12,0.6864
100,256,0.001,0.5,0.001,1.6494628E11,1.1375309E12,0.6884
100,256,0.001,0.9,1.0E-5,1.66789497E11,1.1400172E12,0.6872
100,256,0.001,0.9,1.0E-4,1.67298613E11,1.14012769E12,0.68
100,256,0.001,0.9,0.001,1.69692398E11,1.14741766E12,0.6864
100,256,0.001,1.0,1.0E-5,1.67840236E11,1.14304431E12,0.6844
100,256,0.001,1.0,1.0E-4,1.67078806E11,1.14171039E12,0.686
100,256,0.001,1.0,0.001,1.67494975E11,1.14276984E12,0.6852
100,512,1.0E-5,0.0,1.0E-5,1.21788965E11,1.04105856E12,0.64
100,512,1.0E-5,0.0,1.0E-4,1.18858195E11,1.0386975E12,0.7228
100,512,1.0E-5,0.0,0.001,1.1903837E11,1.03950352E12,0.7096
100,512,1.0E-5,0.5,1.0E-5,1.20646337E11,1.04069503E12,0.7148
100,512,1.0E-5,0.5,1.0E-4,1.18804365E11,1.03928201E12,0.7452
100,512,1.0E-5,0.5,0.001,1.22442695E11,1.04376612E12,0.7508
100,512,1.0E-5,0.9,1.0E-5,1.21927623E11,1.04317701E12,0.712
100,512,1.0E-5,0.9,1.0E-4,1.19090037E11,1.03893546E12,0.7052
100,512,1.0E-5,0.9,0.001,1.2170598E11,1.0419473E12,0.7508
100,512,1.0E-5,1.0,1.0E-5,1.18946284E11,1.03892366E12,0.7196
100,512,1.0E-5,1.0,1.0E-4,1.22020692E11,1.04286644E12,0.7332
100,512,1.0E-5,1.0,0.001,1.19350723E11,1.04080448E12,0.7136
100,512,1.0E-4,0.0,1.0E-5,1.1971439E11,1.04095993E12,0.7316
100,512,1.0E-4,0.0,1.0E-4,1.19807713E11,1.03990323E12,0.7344
100,512,1.0E-4,0.0,0.001,1.2152311E11,1.04285818E12,0.7188
100,512,1.0E-4,0.5,1.0E-5,1.19018037E11,1.0394817E12,0.73
100,512,1.0E-4,0.5,1.0E-4,1.15777044E11,1.0331021E12,0.718
100,512,1.0E-4,0.5,0.001,1.19118758E11,1.03904025E12,0.7348
100,512,1.0E-4,0.9,1.0E-5,1.22327654E11,1.04401424E12,0.7156
100,512,1.0E-4,0.9,1.0E-4,1.22016186E11,1.04236692E12,0.7196
100,512,1.0E-4,0.9,0.001,1.22304291E11,1.04334053E12,0.718
100,512,1.0E-4,1.0,1.0E-5,1.19940678E11,1.041717E12,0.7064
100,512,1.0E-4,1.0,1.0E-4,1.21659671E11,1.04172493E12,0.7264
100,512,1.0E-4,1.0,0.001,1.21170756E11,1.03604991E12,0.7228
100,512,0.001,0.0,1.0E-5,1.16887585E11,1.02882037E12,0.686
100,512,0.001,0.0,1.0E-4,1.20920367E11,1.03460969E12,0.6852
100,512,0.001,0.0,0.001,1.20830468E11,1.03319568E12,0.682
100,512,0.001,0.5,1.0E-5,1.18968377E11,1.03076541E12,0.6852
100,512,0.001,0.5,1.0E-4,1.2037102E11,1.03323081E12,0.6872
100,512,0.001,0.5,0.001,1.19011852E11,1.03351865E12,0.684
100,512,0.001,0.9,1.0E-5,1.18742098E11,1.03045091E12,0.6836
100,512,0.001,0.9,1.0E-4,1.22288144E11,1.03538734E12,0.6848
100,512,0.001,0.9,0.001,1.20950252E11,1.03307975E12,0.6852
100,512,0.001,1.0,1.0E-5,5.1203527E10,9.2669582E11,0.666
100,512,0.001,1.0,1.0E-4,3.7407494E10,9.1788516E11,0.678
100,512,0.001,1.0,0.001,3.6331721E10,9.2527913E11,0.676
